-- MySQL dump 10.13  Distrib 8.0.36, for Win64 (x86_64)
--
-- Host: localhost    Database: ecolog
-- ------------------------------------------------------
-- Server version	8.0.36

/*!40101 SET @OLD_CHARACTER_SET_CLIENT=@@CHARACTER_SET_CLIENT */;
/*!40101 SET @OLD_CHARACTER_SET_RESULTS=@@CHARACTER_SET_RESULTS */;
/*!40101 SET @OLD_COLLATION_CONNECTION=@@COLLATION_CONNECTION */;
/*!50503 SET NAMES utf8 */;
/*!40103 SET @OLD_TIME_ZONE=@@TIME_ZONE */;
/*!40103 SET TIME_ZONE='+00:00' */;
/*!40014 SET @OLD_UNIQUE_CHECKS=@@UNIQUE_CHECKS, UNIQUE_CHECKS=0 */;
/*!40014 SET @OLD_FOREIGN_KEY_CHECKS=@@FOREIGN_KEY_CHECKS, FOREIGN_KEY_CHECKS=0 */;
/*!40101 SET @OLD_SQL_MODE=@@SQL_MODE, SQL_MODE='NO_AUTO_VALUE_ON_ZERO' */;
/*!40111 SET @OLD_SQL_NOTES=@@SQL_NOTES, SQL_NOTES=0 */;

--
-- Table structure for table `обєкт`
--

DROP TABLE IF EXISTS `обєкт`;
/*!40101 SET @saved_cs_client     = @@character_set_client */;
/*!50503 SET character_set_client = utf8mb4 */;
CREATE TABLE `обєкт` (
  `id_обєкт` int NOT NULL,
  `назва_обєкту` varchar(245) NOT NULL,
  PRIMARY KEY (`id_обєкт`),
  UNIQUE KEY `idобєкт_UNIQUE` (`id_обєкт`)
) ENGINE=InnoDB DEFAULT CHARSET=utf8mb3;
/*!40101 SET character_set_client = @saved_cs_client */;

--
-- Dumping data for table `обєкт`
--

LOCK TABLES `обєкт` WRITE;
/*!40000 ALTER TABLE `обєкт` DISABLE KEYS */;
INSERT INTO `обєкт` VALUES (1,'Рівне'),(2,'Хмельницький'),(3,'Бровари');
/*!40000 ALTER TABLE `обєкт` ENABLE KEYS */;
UNLOCK TABLES;

--
-- Table structure for table `інфа_про_водойми`
--

DROP TABLE IF EXISTS `інфа_про_водойми`;
/*!40101 SET @saved_cs_client     = @@character_set_client */;
/*!50503 SET character_set_client = utf8mb4 */;
CREATE TABLE `інфа_про_водойми` (
  `id` int NOT NULL AUTO_INCREMENT,
  `id_обєкта` int NOT NULL,
  `назва_забруд_речовини` varchar(245) DEFAULT NULL,
  `обєм_викидів_тонн` decimal(30,10) DEFAULT NULL,
  `ставка_за_викиди_в_водойми` decimal(25,10) DEFAULT NULL,
  `Рік` int DEFAULT NULL,
  PRIMARY KEY (`id`),
  KEY `fk_інфа_про_водойми_обєкт1_idx` (`id_обєкта`),
  CONSTRAINT `fk_інфа_про_водойми_обєкт1` FOREIGN KEY (`id_обєкта`) REFERENCES `обєкт` (`id_обєкт`)
) ENGINE=InnoDB AUTO_INCREMENT=224 DEFAULT CHARSET=utf8mb3;
/*!40101 SET character_set_client = @saved_cs_client */;

--
-- Dumping data for table `інфа_про_водойми`
--

LOCK TABLES `інфа_про_водойми` WRITE;
/*!40000 ALTER TABLE `інфа_про_водойми` DISABLE KEYS */;
INSERT INTO `інфа_про_водойми` VALUES (1,1,'БСК5',319.0000000000,5156.8000000000,2021),(2,1,'Завислі речовини',2.1740000000,369.5200000000,2021),(3,1,'Азот амонійний',1.0520000000,12883.8400000000,2021),(4,1,'Нітрити',29.0000000000,12883.8400000000,2021),(5,1,'Нітрати',1437.1000000000,1108.5600000000,2021),(6,1,'Сульфати',1811.2000000000,369.5200000000,2021),(7,1,'Хлориди',2796.0000000000,369.5200000000,2021),(8,1,'Фосфати',181.0000000000,10297.4400000000,2021),(9,1,'Залізо',11.7000000000,3437.7600000000,2021),(10,1,'Нафтопродукти',2.9392000000,17173.0400000000,2021),(11,1,'СПАР',2.4321000000,17173.0400000000,2021),(12,1,'Фтор',2.0736000000,17173.0400000000,2021),(13,1,'Мідь',0.1509000000,17173.0400000000,2021),(14,1,'Цинк',0.0844000000,978777.8400000000,2021),(15,1,'Формальдегід',0.0395000000,978777.8400000000,2021),(16,1,'Сухий залишок',7902.2000000000,3437.7600000000,2021),(17,1,'ХСК',1015.8000000000,3437.7600000000,2021),(18,1,'БСК5',184.8000000000,5156.8000000000,2023),(19,1,'Завислі речовини',194.1000000000,369.5200000000,2023),(20,1,'Азот амонійний',74.2000000000,12883.8400000000,2023),(21,1,'Нітрити',23.8000000000,12883.8400000000,2023),(22,1,'Нітрати',1157.6000000000,1108.5600000000,2023),(23,1,'Сульфати',1534.7000000000,369.5200000000,2023),(24,1,'Хлориди',2350.8000000000,369.5200000000,2023),(25,1,'Фосфати',143.2424000000,10297.4400000000,2023),(26,1,'Залізо',9.3695000000,17173.0400000000,2023),(27,1,'Нафтопродукти',2.3873000000,17173.0400000000,2023),(28,1,'СПАР',2.0984000000,17173.0400000000,2023),(29,1,'Фтор',0.1945800000,168741.5200000000,2023),(30,1,'Мідь',0.1372000000,168741.5200000000,2023),(31,1,'Цинк',0.0745000000,978777.8400000000,2023),(32,1,'Формальдегід',0.0290000000,978777.8400000000,2023),(33,1,'Сухий залишок',7915.2000000000,3437.7600000000,2023),(34,1,'ХСК',1273.1000000000,3437.7600000000,2023),(35,1,'БСК5',205.6000000000,5156.8000000000,2022),(36,1,'Завислі речовини',208.0000000000,369.5200000000,2022),(37,1,'Азот амонійний',81.1000000000,12883.8400000000,2022),(38,1,'Нітрити',26.0000000000,12883.8400000000,2022),(39,1,'Нітрати',1177.4000000000,1108.5600000000,2022),(40,1,'Сульфати',1608.7000000000,369.5200000000,2022),(41,1,'Хлориди',2683.6000000000,369.5200000000,2022),(42,1,'Фосфати',155.5307000000,10297.4400000000,2022),(43,1,'Залізо',9.1911000000,17173.0400000000,2022),(44,1,'Нафтопродукти',2.7712000000,17173.0400000000,2022),(45,1,'СПАР',2.2653000000,17173.0400000000,2022),(46,1,'Фтор',2.1174000000,17173.0400000000,2022),(47,1,'Мідь',0.1562000000,168741.5200000000,2022),(48,1,'Цинк',0.0868000000,978777.8400000000,2022),(49,1,'Формальдегід',0.0462000000,978777.8400000000,2022),(50,1,'Сухий залишок',7940.8000000000,3437.7600000000,2022),(51,1,'ХСК',1320.3000000000,3437.7600000000,2022),(52,1,'БСК5',0.3310000000,5156.8000000000,2020),(53,1,'Завислі речовини',0.5090000000,369.5200000000,2020),(54,1,'Азот амонійний',0.1021000000,12883.8400000000,2020),(55,1,'Нітрити',0.0168000000,12883.8400000000,2020),(56,1,'Нітрати',0.9958000000,1108.5600000000,2020),(57,1,'Сульфати',1.6755000000,369.5200000000,2020),(58,1,'Хлориди',2.4262000000,369.5200000000,2020),(59,1,'Фосфати',0.4077000000,10297.4400000000,2020),(60,1,'Залізо',0.0160000000,978777.8400000000,2020),(61,1,'Нафтопродукти',0.0016900000,978777.8400000000,2020),(62,1,'СПАР',0.0022799000,978777.8400000000,2020),(63,1,'Фтор',0.0063849000,978777.8400000000,2020),(64,1,'Мідь',0.0002040000,1349948.0000000000,2020),(65,1,'Цинк',0.0000579000,1349948.0000000000,2020),(66,1,'Формальдегід',0.0000446000,1349948.0000000000,2020),(67,1,'Сухий залишок',3.9728000000,17173.0400000000,2020),(68,1,'ХСК',1.1043000000,17173.0400000000,2020),(69,1,'Хром +6',0.0000074000,1349948.0000000000,2020),(70,1,'Нікель',0.0000268000,1349948.0000000000,2020),(71,1,'БСК5',0.4130000000,5156.8000000000,2019),(72,1,'Завислі речовини',0.2390000000,369.5200000000,2019),(73,1,'Азот амонійний',0.0980000000,12883.8400000000,2019),(74,1,'Нітрити',0.0180000000,12883.8400000000,2019),(75,1,'Нітрати',1.2290000000,1108.5600000000,2019),(76,1,'Сульфати',0.7960000000,369.5200000000,2019),(77,1,'Хлориди',2.0560000000,369.5200000000,2019),(78,1,'Фосфати',0.1737000000,10297.4400000000,2019),(79,1,'Залізо',0.0090500000,978777.8400000000,2019),(80,1,'Нафтопродукти',0.0021540000,978777.8400000000,2019),(81,1,'СПАР',0.0027400000,978777.8400000000,2019),(82,1,'Фтор',0.0018590000,978777.8400000000,2019),(83,1,'Мідь',0.0003020000,1349948.0000000000,2019),(84,1,'Цинк',0.0000760000,1349948.0000000000,2019),(85,1,'Формальдегід',0.0000460000,1349948.0000000000,2019),(86,1,'Сухий залишок',3.9460000000,17173.0400000000,2019),(87,1,'ХСК',1.0470000000,17173.0400000000,2019),(88,1,'Хром +6',0.0000030000,1349948.0000000000,2019),(89,2,'БСК5',0.3770000000,5156.8000000000,2016),(90,2,'Завислі речовини',0.3390000000,369.5200000000,2016),(91,2,'Сухий залишок',15.9500000000,3437.7600000000,2016),(92,2,'Сульфати',1.8370000000,369.5200000000,2016),(93,2,'Хлориди',1.9770000000,369.5200000000,2016),(94,2,'Азот амонійний',0.0940000000,12883.8400000000,2016),(95,2,'Нітрити',0.0240000000,63278.1600000000,2016),(96,2,'Нітрати',0.3060000000,1108.5600000000,2016),(97,2,'ХСК',1.6680000000,17173.0400000000,2016),(98,2,'АПАР',4.7470000000,17173.0400000000,2016),(99,2,'Фосфати',83.1400000000,10297.4400000000,2016),(100,2,'Нафтопродукти',1.1060000000,75792.4000000000,2016),(101,2,'Залізо',6.0790000000,17173.0400000000,2016),(102,2,'Мідь',0.3520000000,168741.5200000000,2016),(103,2,'Цинк',0.1150000000,168741.5200000000,2016),(104,2,'Нікель',0.1410000000,168741.5200000000,2016),(105,2,'Хром',0.0930000000,978777.8400000000,2016),(106,2,'Хром (VI)',0.0100000000,978777.8400000000,2016),(107,2,'БСК5',0.3800000000,5156.8000000000,2017),(108,2,'Завислі речовини',0.3650000000,369.5200000000,2017),(109,2,'Сухий залишок',16.6900000000,3437.7600000000,2017),(110,2,'Сульфати',1.7950000000,369.5200000000,2017),(111,2,'Хлориди',2.0390000000,369.5200000000,2017),(112,2,'Азот амонійний',0.1030000000,12883.8400000000,2017),(113,2,'Нітрити',0.0240000000,63278.1600000000,2017),(114,2,'Нітрати',0.3220000000,1108.5600000000,2017),(115,2,'ХСК',1.6910000000,17173.0400000000,2017),(116,2,'АПАР',4.4360000000,17173.0400000000,2017),(117,2,'Фосфати',89.9700000000,10297.4400000000,2017),(118,2,'Нафтопродукти',1.0720000000,75792.4000000000,2017),(119,2,'Залізо',6.0310000000,17173.0400000000,2017),(120,2,'Мідь',0.2070000000,168741.5200000000,2017),(121,2,'Цинк',0.1210000000,168741.5200000000,2017),(122,2,'Нікель',0.1080000000,168741.5200000000,2017),(123,2,'Хром',0.0770000000,978777.8400000000,2017),(124,2,'Хром (VI)',0.0070000000,978777.8400000000,2017),(125,2,'БСК5',0.3700000000,5156.8000000000,2018),(126,2,'Завислі речовини',0.3710000000,369.5200000000,2018),(127,2,'Сухий залишок',16.3000000000,3437.7600000000,2018),(128,2,'Сульфати',1.8010000000,369.5200000000,2018),(129,2,'Хлориди',1.9860000000,369.5200000000,2018),(130,2,'Азот амонійний',0.1010000000,12883.8400000000,2018),(131,2,'Нітрити',0.0240000000,63278.1600000000,2018),(132,2,'Нітрати',0.3180000000,1108.5600000000,2018),(133,2,'ХСК',1.6670000000,17173.0400000000,2018),(134,2,'АПАР',4.7180000000,17173.0400000000,2018),(135,2,'Фосфати',80.8800000000,10297.4400000000,2018),(136,2,'Нафтопродукти',1.2210000000,75792.4000000000,2018),(137,2,'Залізо',6.0960000000,17173.0400000000,2018),(138,2,'Мідь',0.2440000000,168741.5200000000,2018),(139,2,'Цинк',0.1450000000,168741.5200000000,2018),(140,2,'Нікель',0.1000000000,978777.8400000000,2018),(141,2,'Хром',0.1120000000,168741.5200000000,2018),(142,2,'Хром (VI)',0.0010000000,1349948.0000000000,2018),(143,2,'БСК5',0.3620000000,5156.8000000000,2020),(144,2,'Завислі речовини',0.3560000000,369.5200000000,2020),(145,2,'Сухий залишок',16.6200000000,3437.7600000000,2020),(146,2,'Сульфати',1.8010000000,369.5200000000,2020),(147,2,'Хлориди',1.9980000000,369.5200000000,2020),(148,2,'Азот амонійний',0.0780000000,12883.8400000000,2020),(149,2,'Нітрити',0.0150000000,63278.1600000000,2020),(150,2,'Нітрати',0.3520000000,1108.5600000000,2020),(151,2,'ХСК',1.6940000000,17173.0400000000,2020),(152,2,'АПАР',4.5930000000,17173.0400000000,2020),(153,2,'Фосфати',73.3200000000,10297.4400000000,2020),(154,2,'Нафтопродукти',1.1130000000,75792.4000000000,2020),(155,2,'Залізо',5.2910000000,17173.0400000000,2020),(156,2,'Мідь',0.1370000000,168741.5200000000,2020),(157,2,'Цинк',0.1100000000,978777.8400000000,2020),(158,2,'Нікель',0.0990000000,978777.8400000000,2020),(159,2,'Хром',0.0660000000,1349948.0000000000,2020),(160,2,'Хром (VI)',0.0010000000,1349948.0000000000,2020),(161,2,'БСК5',0.3890000000,5156.8000000000,2019),(162,2,'Завислі речовини',0.3800000000,369.5200000000,2019),(163,2,'Сухий залишок',16.9200000000,3437.7600000000,2019),(164,2,'Сульфати',1.8880000000,369.5200000000,2019),(165,2,'Хлориди',2.2610000000,369.5200000000,2019),(166,2,'Азот амонійний',0.0860000000,12883.8400000000,2019),(167,2,'Нітрити',0.0140000000,63278.1600000000,2019),(168,2,'Нітрати',0.3950000000,1108.5600000000,2019),(169,2,'ХСК',1.7550000000,17173.0400000000,2019),(170,2,'АПАР',4.9690000000,17173.0400000000,2019),(171,2,'Фосфати',77.1300000000,10297.4400000000,2019),(172,2,'Нафтопродукти',1.1080000000,75792.4000000000,2019),(173,2,'Залізо',6.2460000000,17173.0400000000,2019),(174,2,'Мідь',0.1740000000,168741.5200000000,2019),(175,2,'Цинк',0.1590000000,978777.8400000000,2019),(176,2,'Нікель',0.1350000000,978777.8400000000,2019),(177,2,'Хром',0.0750000000,1349948.0000000000,2019),(178,2,'Хром (VI)',0.0020000000,1349948.0000000000,2019),(179,3,'Азот амонійний',0.0880000000,12883.8400000000,2019),(180,3,'БСК-5',0.4570000000,5156.8000000000,2019),(181,3,'Завислі речовини',0.3370000000,369.5200000000,2019),(182,3,'Нітрати',0.4440000000,1108.5600000000,2019),(183,3,'Нітрити',0.0150000000,12883.8400000000,2019),(184,3,'Сульфати',1.6280000000,369.5200000000,2019),(185,3,'Сухий залишок',20.0800000000,3437.7600000000,2019),(186,3,'Хлориди',2.7440000000,369.5200000000,2019),(187,3,'ХСК',1.9660000000,3437.7600000000,2019),(188,3,'Азот амонійний',0.2920000000,12883.8400000000,2020),(189,3,'БСК-5',0.4090000000,5156.8000000000,2020),(190,3,'Завислі речовини',0.4150000000,369.5200000000,2020),(191,3,'Нітрати',0.4040000000,1108.5600000000,2020),(192,3,'Нітрити',0.0200000000,12883.8400000000,2020),(193,3,'Сульфати',1.6480000000,369.5200000000,2020),(194,3,'Сухий залишок',16.9460000000,3437.7600000000,2020),(195,3,'Хлориди',3.2640000000,369.5200000000,2020),(196,3,'ХСК',1.8390000000,3437.7600000000,2020),(197,3,'Азот амонійний',0.2990000000,12883.8400000000,2021),(198,3,'БСК-5',0.3410000000,5156.8000000000,2021),(199,3,'Завислі речовини',0.3630000000,369.5200000000,2021),(200,3,'Нітрати',0.4260000000,1108.5600000000,2021),(201,3,'Нітрити',0.0230000000,12883.8400000000,2021),(202,3,'Сульфати',1.3890000000,369.5200000000,2021),(203,3,'Сухий залишок',9.7640000000,3437.7600000000,2021),(204,3,'Хлориди',3.0310000000,369.5200000000,2021),(205,3,'ХСК',1.9480000000,3437.7600000000,2021),(206,3,'Азот амонійний',0.0682000000,12883.8400000000,2022),(207,3,'БСК-5',0.2904000000,5156.8000000000,2022),(208,3,'Завислі речовини',0.3481000000,369.5200000000,2022),(209,3,'Нітрати',0.3774000000,1108.5600000000,2022),(210,3,'Нітрити',0.0197000000,12883.8400000000,2022),(211,3,'Сульфати',1.2643000000,369.5200000000,2022),(212,3,'Сухий залишок',8.8615000000,3437.7600000000,2022),(213,3,'Хлориди',2.9133000000,369.5200000000,2022),(214,3,'ХСК',1.7324000000,3437.7600000000,2022),(215,3,'Азот амонійний',0.0841000000,12883.8400000000,2023),(216,3,'БСК-5',0.3402000000,5156.8000000000,2023),(217,3,'Завислі речовини',0.3493000000,369.5200000000,2023),(218,3,'Нітрати',0.4667000000,1108.5600000000,2023),(219,3,'Нітрити',0.0189000000,12883.8400000000,2023),(220,3,'Сульфати',1.5617000000,369.5200000000,2023),(221,3,'Сухий залишок',11.1263000000,3437.7600000000,2023),(222,3,'Хлориди',3.3948000000,369.5200000000,2023),(223,3,'ХСК',1.7307000000,3437.7600000000,2023);
/*!40000 ALTER TABLE `інфа_про_водойми` ENABLE KEYS */;
UNLOCK TABLES;

--
-- Table structure for table `інфа_про_відходи`
--

DROP TABLE IF EXISTS `інфа_про_відходи`;
/*!40101 SET @saved_cs_client     = @@character_set_client */;
/*!50503 SET character_set_client = utf8mb4 */;
CREATE TABLE `інфа_про_відходи` (
  `id` int NOT NULL AUTO_INCREMENT,
  `id_обєкта` int NOT NULL,
  `назва_забруд_речовини` varchar(245) DEFAULT NULL,
  `обєм_викидів_тонн` decimal(21,20) DEFAULT NULL,
  `ставка_за_викиди_відходів` decimal(20,10) DEFAULT NULL,
  `Рік` int DEFAULT NULL,
  UNIQUE KEY `id_UNIQUE` (`id`),
  KEY `fk_інфа_про_відходи_обєкт1_idx` (`id_обєкта`),
  CONSTRAINT `fk_інфа_про_відходи_обєкт1` FOREIGN KEY (`id_обєкта`) REFERENCES `обєкт` (`id_обєкт`)
) ENGINE=InnoDB DEFAULT CHARSET=utf8mb3;
/*!40101 SET character_set_client = @saved_cs_client */;

--
-- Dumping data for table `інфа_про_відходи`
--

LOCK TABLES `інфа_про_відходи` WRITE;
/*!40000 ALTER TABLE `інфа_про_відходи` DISABLE KEYS */;
/*!40000 ALTER TABLE `інфа_про_відходи` ENABLE KEYS */;
UNLOCK TABLES;

--
-- Table structure for table `інфа_про_повітря`
--

DROP TABLE IF EXISTS `інфа_про_повітря`;
/*!40101 SET @saved_cs_client     = @@character_set_client */;
/*!50503 SET character_set_client = utf8mb4 */;
CREATE TABLE `інфа_про_повітря` (
  `id` int NOT NULL AUTO_INCREMENT,
  `id_обєкту` int NOT NULL,
  `назва_забруд_речовини` varchar(245) NOT NULL,
  `обєм_викидів_тонн` decimal(21,20) DEFAULT NULL,
  `ставка_за_викиди_в_повітря` decimal(20,10) DEFAULT NULL,
  `Рік` int DEFAULT NULL,
  PRIMARY KEY (`id`),
  UNIQUE KEY `id_UNIQUE` (`id`),
  KEY `fk_інфа_про_повітря_обєкт_idx` (`id_обєкту`),
  CONSTRAINT `fk_інфа_про_повітря_обєкт` FOREIGN KEY (`id_обєкту`) REFERENCES `обєкт` (`id_обєкт`)
) ENGINE=InnoDB AUTO_INCREMENT=217 DEFAULT CHARSET=utf8mb3;
/*!40101 SET character_set_client = @saved_cs_client */;

--
-- Dumping data for table `інфа_про_повітря`
--

LOCK TABLES `інфа_про_повітря` WRITE;
/*!40000 ALTER TABLE `інфа_про_повітря` DISABLE KEYS */;
INSERT INTO `інфа_про_повітря` VALUES (1,1,'Зважені речовини (пил)',0.00000000003000000000,628.3200000000,2022),(2,1,'Діоксид сірки',0.00000000000100000000,628.3200000000,2022),(3,1,'Оксид вуглецю',0.00000000094000000000,145.5000000000,2022),(4,1,'Діоксид азоту',0.00000000002600000000,628.3200000000,2022),(5,1,'Оксид азоту',0.00000000002400000000,2574.4300000000,2022),(6,1,'Сірководень',0.00000000000200000000,8273.6300000000,2022),(7,1,'Фенол',0.00000000000300000000,8273.6300000000,2022),(8,1,'Фтористий водень',0.00000000000400000000,4216.9200000000,2022),(9,1,'Хлористий водень',0.00000000005900000000,96.9900000000,2022),(10,1,'Аміак',0.00000000000300000000,482.8400000000,2022),(11,1,'Формальдегід',0.00000000000700000000,6373.9100000000,2022),(12,1,'Кадмій',0.00000000000600000000,20376.2200000000,2022),(13,1,'Залізо',0.00000000042000000000,628.3200000000,2022),(14,1,'Марганець',0.00000000002300000000,20376.2200000000,2022),(15,1,'Мідь',0.00000000001200000000,18413.2400000000,2022),(16,1,'Нікель',0.00000000002100000000,18413.2400000000,2022),(17,1,'Свинець',0.00000000002500000000,109127.8400000000,2022),(18,1,'Хром',0.00000000001700000000,69113.3800000000,2022),(19,1,'Цинк',0.00000000003800000000,628.3200000000,2022),(20,1,'Зважені речовини (пил)',0.00000000003000000000,628.3200000000,2023),(21,1,'Діоксид сірки',0.00000000000100000000,628.3200000000,2023),(22,1,'Оксид вуглецю',0.00000000095000000000,145.5000000000,2023),(23,1,'Діоксид азоту',0.00000000005000000000,628.3200000000,2023),(24,1,'Оксид азоту',0.00000000003700000000,2574.4300000000,2023),(25,1,'Сірководень',0.00000000000100000000,8273.6300000000,2023),(26,1,'Фенол',0.00000000000300000000,11685.1000000000,2023),(27,1,'Фтористий водень',0.00000000000600000000,96.9900000000,2023),(28,1,'Хлористий водень',0.00000000005100000000,4216.9200000000,2023),(29,1,'Аміак',0.00000000000100000000,482.8400000000,2023),(30,1,'Формальдегід',0.00000000000500000000,6373.9100000000,2023),(31,1,'Кадмій',0.00000000000800000000,4216.9200000000,2023),(32,1,'Залізо',0.00000000027000000000,628.3200000000,2023),(33,1,'Марганець',0.00000000000600000000,20376.2200000000,2023),(34,1,'Мідь',0.00000000000900000000,4216.9200000000,2023),(35,1,'Нікель',0.00000000000900000000,103816.6200000000,2023),(36,1,'Свинець',0.00000000001000000000,109127.8400000000,2023),(37,1,'Хром',0.00000000001000000000,69113.3800000000,2023),(38,1,'Зважені речовини (пил)',0.00000000005000000000,628.3200000000,2021),(39,1,'Діоксид сірки',0.00000000000100000000,628.3200000000,2021),(40,1,'Оксид вуглецю',0.00000000100000000000,145.5000000000,2021),(41,1,'Діоксид азоту',0.00000000003600000000,628.3200000000,2021),(42,1,'Оксид азоту',0.00000000002700000000,628.3200000000,2021),(43,1,'Сірководень',0.00000000000100000000,8273.6300000000,2021),(44,1,'Фенол',0.00000000000200000000,11685.1000000000,2021),(45,1,'Фтористий водень',0.00000000000700000000,4216.9200000000,2021),(46,1,'Хлористий водень',0.00000000006000000000,4216.9200000000,2021),(47,1,'Аміак',0.00000000000500000000,96.9900000000,2021),(48,1,'Формальдегід',0.00000000000700000000,6373.9100000000,2021),(49,1,'Кадмій',0.00000000000400000000,20376.2200000000,2021),(50,1,'Залізо',0.00000000038000000000,628.3200000000,2021),(51,1,'Марганець',0.00000000001100000000,20376.2200000000,2021),(52,1,'Мідь',0.00000000001400000000,4216.9200000000,2021),(53,1,'Нікель',0.00000000000700000000,103816.6200000000,2021),(54,1,'Свинець',0.00000000002300000000,109127.8400000000,2021),(55,1,'Хром',0.00000000000700000000,69113.3800000000,2021),(56,1,'Цинк',0.00000000003000000000,628.3200000000,2021),(57,1,'Зважені речовини (пил)',0.00000000008000000000,628.3200000000,2020),(58,1,'Діоксид сірки',0.00000000000100000000,628.3200000000,2020),(59,1,'Оксид вуглецю',0.00000000110000000000,145.5000000000,2020),(60,1,'Діоксид азоту',0.00000000003400000000,628.3200000000,2020),(61,1,'Оксид азоту',0.00000000002200000000,2574.4300000000,2020),(62,1,'Сірководень',0.00000000000200000000,8273.6300000000,2020),(63,1,'Фенол',0.00000000000200000000,11685.1000000000,2020),(64,1,'Фтористий водень',0.00000000000500000000,4216.9200000000,2020),(65,1,'Хлористий водень',0.00000000003900000000,96.9900000000,2020),(66,1,'Аміак',0.00000000000200000000,482.8400000000,2020),(67,1,'Формальдегід',0.00000000000700000000,6373.9100000000,2020),(68,1,'Кадмій',0.00000000000500000000,20376.2200000000,2020),(69,1,'Залізо',0.00000000034200000000,628.3200000000,2020),(70,1,'Марганець',0.00000000001100000000,20376.2200000000,2020),(71,1,'Мідь',0.00000000002200000000,4216.9200000000,2020),(72,1,'Нікель',0.00000000001100000000,103816.6200000000,2020),(73,1,'Свинець',0.00000000001900000000,109127.8400000000,2020),(74,1,'Хром',0.00000000000900000000,69113.3800000000,2020),(75,1,'Цинк',0.00000000003400000000,628.3200000000,2020),(76,1,'Завислі речовини',0.00000000013000000000,628.3200000000,2019),(77,1,'Діоксид сірки',0.00000000001800000000,628.3200000000,2019),(78,1,'Оксид вуглецю',0.00000000160000000000,145.5000000000,2019),(79,1,'Діоксид азоту',0.00000000006000000000,628.3200000000,2019),(80,1,'Оксид азоту',0.00000000003000000000,2574.4300000000,2019),(81,1,'Сірководень',0.00000000000200000000,8273.6300000000,2019),(82,1,'Фенол',0.00000000000400000000,11685.1000000000,2019),(83,1,'Фтористий водень',0.00000000000400000000,4216.9200000000,2019),(84,1,'Хлористий водень',0.00000000004000000000,96.9900000000,2019),(85,1,'Аміак',0.00000000002000000000,482.8400000000,2019),(86,1,'Формальдегід',0.00000000000800000000,6373.9100000000,2019),(87,1,'Завислі речовини',0.00000000013000000000,628.3200000000,2019),(88,1,'Діоксид сірки',0.00000000001800000000,628.3200000000,2019),(89,1,'Оксид вуглецю',0.00000000160000000000,145.5000000000,2019),(90,1,'Діоксид азоту',0.00000000006000000000,628.3200000000,2019),(91,1,'Оксид азоту',0.00000000003000000000,2574.4300000000,2019),(92,1,'Сірководень',0.00000000000200000000,8273.6300000000,2019),(93,1,'Фенол',0.00000000000400000000,11685.1000000000,2019),(94,1,'Фтористий водень',0.00000000000400000000,4216.9200000000,2019),(95,1,'Хлористий водень',0.00000000004000000000,96.9900000000,2019),(96,1,'Аміак',0.00000000002000000000,482.8400000000,2019),(97,1,'Формальдегід',0.00000000000800000000,6373.9100000000,2019),(98,2,'Пил',0.00000000029990000000,628.3200000000,2017),(99,2,'Діоксид сірки',0.00000000027090000000,628.3200000000,2017),(100,2,'Розчинні сульфати',0.00000000000990000000,145.5000000000,2017),(101,2,'Оксид вуглецю',0.00000000400000000000,145.5000000000,2017),(102,2,'Діоксид азоту',0.00000000076990000000,628.3200000000,2017),(103,2,'Оксид азоту',0.00000000010990000000,2574.4300000000,2017),(104,2,'Фенол',0.00000000001190000000,11685.1000000000,2017),(105,2,'Хлороводень',0.00000000052990000000,96.9900000000,2017),(106,2,'Аміак',0.00000000003990000000,482.8400000000,2017),(107,2,'Формальдегід',0.00000000002990000000,6373.9100000000,2017),(108,2,'Кадмій',0.00000000000001000000,18413.2400000000,2017),(109,2,'Залізо',0.00000000000065000000,628.3200000000,2017),(110,2,'Марганець',0.00000000000003000000,20376.2200000000,2017),(111,2,'Мідь',0.00000000000003000000,4216.9200000000,2017),(112,2,'Нікель',0.00000000000004000000,103816.6200000000,2017),(113,2,'Свинець',0.00000000000003000000,109127.8400000000,2017),(114,2,'Хром',0.00000000000005000000,69113.3800000000,2017),(115,2,'Цинк',0.00000000000062000000,628.3200000000,2017),(116,2,'Оксид вуглецю',0.00000000073000000000,628.3200000000,2016),(117,2,'Діоксид азоту',0.00000000012000000000,628.3200000000,2016),(118,2,'Оксид азоту',0.00000000059000000000,145.5000000000,2016),(119,2,'Формальдегід',0.00000000104000000000,628.3200000000,2016),(120,2,'Оксид вуглецю',0.00000000018000000000,2574.4300000000,2016),(121,2,'Діоксид азоту',0.00000000061000000000,6373.9100000000,2016),(122,2,'Пил',0.00000000029990000000,628.3200000000,2018),(123,2,'Діоксид сірки',0.00000000006890000000,628.3200000000,2018),(124,2,'Розчинні сульфати',0.00000000000990000000,145.5000000000,2018),(125,2,'Оксид вуглецю',0.00000000300000000000,145.5000000000,2018),(126,2,'Діоксид азоту',0.00000000021990000000,628.3200000000,2018),(127,2,'Оксид азоту',0.00000000006990000000,2574.4300000000,2018),(128,2,'Фенол',0.00000000000490000000,11685.1000000000,2018),(129,2,'Хлороводень',0.00000000007990000000,96.9900000000,2018),(130,2,'Аміак',0.00000000001990000000,482.8400000000,2018),(131,2,'Формальдегід',0.00000000001690000000,6373.9100000000,2018),(132,2,'Кадмій',0.00000000000002000000,18413.2400000000,2018),(133,2,'Залізо',0.00000000000126000000,628.3200000000,2018),(134,2,'Марганець',0.00000000000004000000,20376.2200000000,2018),(135,2,'Мідь',0.00000000000003000000,4216.9200000000,2018),(136,2,'Нікель',0.00000000000007000000,103816.6200000000,2018),(137,2,'Свинець',0.00000000000004000000,109127.8400000000,2018),(138,2,'Хром',0.00000000000002000000,69113.3800000000,2018),(139,2,'Цинк',0.00000000010000000000,628.3200000000,2018),(140,2,'Пил',0.00000000028100000000,628.3200000000,2020),(141,2,'Діоксид сірки',0.00000000005610000000,628.3200000000,2020),(142,2,'Розчинні сульфати',0.00000000001610000000,145.5000000000,2020),(143,2,'Оксид вуглецю',0.00000000760000000000,145.5000000000,2020),(144,2,'Діоксид азоту',0.00000000017550000000,628.3200000000,2020),(145,2,'Оксид азоту',0.00000000012140000000,2574.4300000000,2020),(146,2,'Фенол',0.00000000001320000000,11685.1000000000,2020),(147,2,'Хлороводень',0.00000000019880000000,96.9900000000,2020),(148,2,'Аміак',0.00000000005380000000,482.8400000000,2020),(149,2,'Формальдегід',0.00000000001640000000,6373.9100000000,2020),(150,2,'Пил',0.00000000030300000000,628.3200000000,2019),(151,2,'Діоксид сірки',0.00000000011090000000,628.3200000000,2019),(152,2,'Розчинні сульфати',0.00000000006900000000,145.5000000000,2019),(153,2,'Оксид вуглецю',0.00000000819000000000,145.5000000000,2019),(154,2,'Діоксид азоту',0.00000000027970000000,628.3200000000,2019),(155,2,'Оксид азоту',0.00000000008980000000,2574.4300000000,2019),(156,2,'Фенол',0.00000000000950000000,11685.1000000000,2019),(157,2,'Хлороводень',0.00000000018740000000,96.9900000000,2019),(158,2,'Аміак',0.00000000002310000000,482.8400000000,2019),(159,2,'Формальдегід',0.00000000002960000000,6373.9100000000,2019),(160,3,'Оксид вуглецю',0.00300000000000000000,145.5000000000,2023),(161,3,'Вуглецю діоксид',0.35500000000000000000,4216.9200000000,2023),(162,3,'Метан',0.00002000000000000000,145.5000000000,2023),(163,3,'Речовини у вигляді суспендованих твердих частинок',0.00030000000000000000,4216.9200000000,2023),(164,3,'Оксиди азоту',0.00400000000000000000,2574.4300000000,2023),(165,3,'Азоту(1) оксид (N2O)',0.00001000000000000000,2574.4300000000,2023),(166,3,'Сірки діоксид',0.00100000000000000000,628.3200000000,2023),(167,3,'Неметанові леткі органічні сполуки',0.00020000000000000000,4216.9200000000,2023),(168,3,'Бензин нафтовий малосірчистий',0.06643000000000000000,628.3200000000,2024),(169,3,'Неметанові леткі органічні сполуки',0.00500000000000000000,4216.9200000000,2024),(170,3,'Вуглеводні насичені',0.09600400000000000000,628.3200000000,2024),(171,3,'Речовини у вигляді суспендованих твердих частинок',0.00024000000000000000,628.3200000000,2024),(172,3,'Оксиди азоту',0.00900000000000000000,2574.4300000000,2024),(173,3,'Азоту(1) оксид (N2O)',0.00026000000000000000,2574.4300000000,2024),(174,3,'Сірки діоксид',0.00900000000000000000,628.3200000000,2024),(175,3,'Оксид вуглецю',0.00400000000000000000,145.5000000000,2024),(176,3,'Вуглецю діоксид',7.60100000000000000000,4216.9200000000,2024),(177,3,'Метан',0.00031000000000000000,145.5000000000,2024),(178,3,'Аміак',0.00072500000000000000,482.8400000000,2024),(179,3,'Сірководень',0.00064000000000000000,8273.6300000000,2024),(180,3,'Фенол',0.00014800000000000000,8273.6300000000,2024),(190,3,'Речовини у вигляді суспендованих твердих частинок',0.05400000000000000000,628.3200000000,2022),(191,3,'Оксиди азоту',0.07000000000000000000,2574.4300000000,2022),(192,3,'Оксид вуглецю',0.04800000000000000000,145.5000000000,2022),(193,3,'Діоксид сірки',0.00900000000000000000,628.3200000000,2022),(194,3,'Неметанові леткі органічні сполуки',0.00700000000000000000,4216.9200000000,2022),(195,3,'Акролеїн',0.00100000000000000000,4216.9200000000,2022),(196,3,'Метан',0.00090000000000000000,145.5000000000,2022),(197,3,'Вуглецю діоксид',1.03000000000000000000,4216.9200000000,2022),(198,3,'Азоту(1) оксид (N2O)',0.00070000000000000000,2574.4300000000,2022),(199,3,'Завислі речовини',0.05000000000000000000,4216.9200000000,2021),(200,3,'Діоксид сірки',0.03800000000000000000,628.3200000000,2021),(201,3,'Оксид вуглецю',0.40000000000000000000,145.5000000000,2021),(202,3,'Діоксид азоту',0.07000000000000000000,628.3200000000,2021),(203,3,'Оксид азоту',0.01000000000000000000,2574.4300000000,2021),(204,3,'Сірководень',0.00000000000000000000,8273.6300000000,2021),(205,3,'Амміак',0.00000000000000000000,482.8400000000,2021),(206,3,'Тверді частки PM 2.5',0.02000000000000000000,4216.9200000000,2021),(207,3,'Тверді частки PM 10',0.00000000000000000000,4216.9200000000,2021),(208,3,'Завислі речовини',0.05000000000000000000,4216.9200000000,2020),(209,3,'Діоксид сірки',0.04200000000000000000,628.3200000000,2020),(210,3,'Оксид вуглецю',0.90000000000000000000,145.5000000000,2020),(211,3,'Діоксид азоту',0.08000000000000000000,628.3200000000,2020),(212,3,'Оксид азоту',0.01000000000000000000,2574.4300000000,2020),(213,3,'Сірководень',0.00000000000000000000,8273.6300000000,2020),(214,3,'Амміак',0.00000000000000000000,482.8400000000,2020),(215,3,'Тверді частки PM 2.5',0.02000000000000000000,4216.9200000000,2020),(216,3,'Тверді частки PM 10',0.00000000000000000000,4216.9200000000,2020);
/*!40000 ALTER TABLE `інфа_про_повітря` ENABLE KEYS */;
UNLOCK TABLES;
/*!40103 SET TIME_ZONE=@OLD_TIME_ZONE */;

/*!40101 SET SQL_MODE=@OLD_SQL_MODE */;
/*!40014 SET FOREIGN_KEY_CHECKS=@OLD_FOREIGN_KEY_CHECKS */;
/*!40014 SET UNIQUE_CHECKS=@OLD_UNIQUE_CHECKS */;
/*!40101 SET CHARACTER_SET_CLIENT=@OLD_CHARACTER_SET_CLIENT */;
/*!40101 SET CHARACTER_SET_RESULTS=@OLD_CHARACTER_SET_RESULTS */;
/*!40101 SET COLLATION_CONNECTION=@OLD_COLLATION_CONNECTION */;
/*!40111 SET SQL_NOTES=@OLD_SQL_NOTES */;

-- Dump completed on 2024-10-09 21:45:46
